{
  "ExtendedData": {
    "inputs": [
      "https://8020976-sb1.suitetalk.api.netsuite.com/wsdl/v2024_2_0/netsuite.wsdl"
    ],
    "collectionTypes": [
      "System.Array",
      "System.Collections.Generic.Dictionary`2"
    ],
    "namespaceMappings": [
      "*, NetSuiteService"
    ],
    "references": [
      "Azure.Core, {Azure.Core, 1.41.0}",
      "Azure.Identity, {Azure.Identity, 1.10.3}",
      "Azure.Storage.Blobs, {Azure.Storage.Blobs, 12.21.0}",
      "Azure.Storage.Common, {Azure.Storage.Common, 12.20.0}",
      "BouncyCastle.Cryptography, {BouncyCastle.Cryptography, 2.3.1}",
      "C:\\Projects\\KEO.DataManagement.API\\ThreeDegreesDataSystem.Connectors\\bin\\Debug\\net8.0\\ThreeDegreesDataSystem.Common.dll",
      "C:\\Projects\\KEO.DataManagement.API\\ThreeDegreesDataSystem.Connectors\\bin\\Debug\\net8.0\\ThreeDegreesDataSystem.Models.dll",
      "CsvHelper, {CsvHelper, 33.0.1}",
      "Enums.NET, {Enums.NET, 4.0.1}",
      "ExtendedNumerics.BigDecimal, {ExtendedNumerics.BigDecimal, 2025.1001.2.129}",
      "ICSharpCode.SharpZipLib, {SharpZipLib, 1.4.2}",
      "MathNet.Numerics, {MathNet.Numerics.Signed, 5.0.0}",
      "Microsoft.Bcl.AsyncInterfaces, {Microsoft.Bcl.AsyncInterfaces, 1.1.1}",
      "Microsoft.Data.SqlClient, {Microsoft.Data.SqlClient, 5.1.5}",
      "Microsoft.EntityFrameworkCore, {Microsoft.EntityFrameworkCore, 8.0.7}",
      "Microsoft.EntityFrameworkCore.Abstractions, {Microsoft.EntityFrameworkCore.Abstractions, 8.0.7}",
      "Microsoft.EntityFrameworkCore.Relational, {Microsoft.EntityFrameworkCore.Relational, 8.0.7}",
      "Microsoft.EntityFrameworkCore.SqlServer, {Microsoft.EntityFrameworkCore.SqlServer, 8.0.7}",
      "Microsoft.Extensions.Caching.Abstractions, {Microsoft.Extensions.Caching.Abstractions, 8.0.0}",
      "Microsoft.Extensions.Caching.Memory, {Microsoft.Extensions.Caching.Memory, 8.0.0}",
      "Microsoft.Extensions.Configuration, {Microsoft.Extensions.Configuration, 8.0.0}",
      "Microsoft.Extensions.Configuration.Abstractions, {Microsoft.Extensions.Configuration.Abstractions, 8.0.0}",
      "Microsoft.Extensions.Configuration.FileExtensions, {Microsoft.Extensions.Configuration.FileExtensions, 8.0.0}",
      "Microsoft.Extensions.Configuration.Json, {Microsoft.Extensions.Configuration.Json, 8.0.0}",
      "Microsoft.Extensions.DependencyInjection, {Microsoft.Extensions.DependencyInjection, 8.0.0}",
      "Microsoft.Extensions.DependencyInjection.Abstractions, {Microsoft.Extensions.DependencyInjection.Abstractions, 8.0.0}",
      "Microsoft.Extensions.FileProviders.Abstractions, {Microsoft.Extensions.FileProviders.Abstractions, 8.0.0}",
      "Microsoft.Extensions.FileProviders.Physical, {Microsoft.Extensions.FileProviders.Physical, 8.0.0}",
      "Microsoft.Extensions.FileSystemGlobbing, {Microsoft.Extensions.FileSystemGlobbing, 8.0.0}",
      "Microsoft.Extensions.Logging, {Microsoft.Extensions.Logging, 8.0.0}",
      "Microsoft.Extensions.Logging.Abstractions, {Microsoft.Extensions.Logging.Abstractions, 8.0.0}",
      "Microsoft.Extensions.ObjectPool, {Microsoft.Extensions.ObjectPool, 6.0.16}",
      "Microsoft.Extensions.Options, {Microsoft.Extensions.Options, 8.0.0}",
      "Microsoft.Extensions.Primitives, {Microsoft.Extensions.Primitives, 8.0.0}",
      "Microsoft.Identity.Client, {Microsoft.Identity.Client, 4.62.0}",
      "Microsoft.Identity.Client.Extensions.Msal, {Microsoft.Identity.Client.Extensions.Msal, 4.56.0}",
      "Microsoft.IdentityModel.Abstractions, {Microsoft.IdentityModel.Abstractions, 6.35.0}",
      "Microsoft.IdentityModel.JsonWebTokens, {Microsoft.IdentityModel.JsonWebTokens, 6.35.0}",
      "Microsoft.IdentityModel.Logging, {Microsoft.IdentityModel.Logging, 6.35.0}",
      "Microsoft.IdentityModel.Protocols, {Microsoft.IdentityModel.Protocols, 6.35.0}",
      "Microsoft.IdentityModel.Protocols.OpenIdConnect, {Microsoft.IdentityModel.Protocols.OpenIdConnect, 6.35.0}",
      "Microsoft.IdentityModel.Protocols.WsTrust, {Microsoft.IdentityModel.Protocols.WsTrust, 6.8.0}",
      "Microsoft.IdentityModel.Tokens, {Microsoft.IdentityModel.Tokens, 6.35.0}",
      "Microsoft.IdentityModel.Tokens.Saml, {Microsoft.IdentityModel.Tokens.Saml, 6.8.0}",
      "Microsoft.IdentityModel.Xml, {Microsoft.IdentityModel.Xml, 6.8.0}",
      "Microsoft.IO.RecyclableMemoryStream, {Microsoft.IO.RecyclableMemoryStream, 3.0.0}",
      "Microsoft.SqlServer.Server, {Microsoft.SqlServer.Server, 1.0.0}",
      "Microsoft.Win32.SystemEvents, {Microsoft.Win32.SystemEvents, 6.0.0}",
      "Newtonsoft.Json, {Newtonsoft.Json, 13.0.3}",
      "NPOI.Core, {NPOI, 2.7.1}",
      "NPOI.OOXML, {NPOI, 2.7.1}",
      "NPOI.OpenXml4Net, {NPOI, 2.7.1}",
      "NPOI.OpenXmlFormats, {NPOI, 2.7.1}",
      "SixLabors.Fonts, {SixLabors.Fonts, 1.0.1}",
      "SixLabors.ImageSharp, {SixLabors.ImageSharp, 2.1.8}",
      "System.ClientModel, {System.ClientModel, 1.0.0}",
      "System.Configuration.ConfigurationManager, {System.Configuration.ConfigurationManager, 6.0.1}",
      "System.Diagnostics.DiagnosticSource, {System.Diagnostics.DiagnosticSource, 6.0.1}",
      "System.Drawing.Common, {System.Drawing.Common, 6.0.0}",
      "System.Formats.Asn1, {System.Formats.Asn1, 6.0.0}",
      "System.IdentityModel.Tokens.Jwt, {System.IdentityModel.Tokens.Jwt, 6.35.0}",
      "System.IO, {System.IO, 4.3.0}",
      "System.IO.FileSystem.AccessControl, {System.IO.FileSystem.AccessControl, 5.0.0}",
      "System.IO.Hashing, {System.IO.Hashing, 6.0.0}",
      "System.Memory.Data, {System.Memory.Data, 1.0.2}",
      "System.Reflection.DispatchProxy, {System.Reflection.DispatchProxy, 4.7.1}",
      "System.Runtime, {System.Runtime, 4.3.0}",
      "System.Runtime.CompilerServices.Unsafe, {System.Runtime.CompilerServices.Unsafe, 6.0.0}",
      "System.Security.AccessControl, {System.Security.AccessControl, 6.0.0}",
      "System.Security.Cryptography.Cng, {System.Security.Cryptography.Cng, 5.0.0}",
      "System.Security.Cryptography.Pkcs, {System.Security.Cryptography.Pkcs, 6.0.3}",
      "System.Security.Cryptography.ProtectedData, {System.Security.Cryptography.ProtectedData, 6.0.0}",
      "System.Security.Cryptography.Xml, {System.Security.Cryptography.Xml, 6.0.1}",
      "System.Security.Permissions, {System.Security.Permissions, 6.0.0}",
      "System.Security.Principal.Windows, {System.Security.Principal.Windows, 5.0.0}",
      "System.ServiceModel.Duplex, {System.ServiceModel.Duplex, 6.0.0}",
      "System.ServiceModel.Federation, {System.ServiceModel.Federation, 6.0.0}",
      "System.ServiceModel.Http, {System.ServiceModel.Http, 6.0.0}",
      "System.ServiceModel.NetFramingBase, {System.ServiceModel.NetFramingBase, 6.0.0}",
      "System.ServiceModel.NetTcp, {System.ServiceModel.NetTcp, 6.0.0}",
      "System.ServiceModel.Primitives, {System.ServiceModel.Primitives, 6.0.0}",
      "System.ServiceModel.Security, {System.ServiceModel.Security, 6.0.0}",
      "System.Text.Encoding, {System.Text.Encoding, 4.3.0}",
      "System.Text.Encoding.CodePages, {System.Text.Encoding.CodePages, 6.0.0}",
      "System.Text.Encodings.Web, {System.Text.Encodings.Web, 8.0.0}",
      "System.Text.Json, {System.Text.Json, 8.0.0}",
      "System.Threading.Tasks, {System.Threading.Tasks, 4.3.0}",
      "System.Windows.Extensions, {System.Windows.Extensions, 6.0.0}",
      "System.Xml.ReaderWriter, {System.Xml.ReaderWriter, 4.3.0}",
      "System.Xml.XmlDocument, {System.Xml.XmlDocument, 4.3.0}"
    ],
    "targetFramework": "net8.0",
    "typeReuseMode": "All"
  }
}